{
"apiVersion": "V2",
"assemblies": [
{
  "files": [
    {
      "filePath": "assembly_data_report.jsonl",
      "fileType": "DATA_REPORT",
      "uncompressedLengthBytes": "31254"
    }
  ]
},{
  "accession": "GCA_000006765.1",
  "files": [
    {
      "filePath": "GCA_000006765.1/GCA_000006765.1_ASM676v1_genomic.fna",
      "fileType": "GENOMIC_NUCLEOTIDE_FASTA",
      "uncompressedLengthBytes": "6342767"
    }
  ]
},{
  "accession": "GCA_001516365.2",
  "files": [
    {
      "filePath": "GCA_001516365.2/GCA_001516365.2_ASM151636v2_genomic.fna",
      "fileType": "GENOMIC_NUCLEOTIDE_FASTA",
      "uncompressedLengthBytes": "6540839"
    }
  ]
},{
  "accession": "GCA_024706435.1",
  "files": [
    {
      "filePath": "GCA_024706435.1/GCA_024706435.1_ASM2470643v1_genomic.fna",
      "fileType": "GENOMIC_NUCLEOTIDE_FASTA",
      "uncompressedLengthBytes": "6584517"
    }
  ]
},{
  "accession": "GCA_025209735.1",
  "files": [
    {
      "filePath": "GCA_025209735.1/GCA_025209735.1_ASM2520973v1_genomic.fna",
      "fileType": "GENOMIC_NUCLEOTIDE_FASTA",
      "uncompressedLengthBytes": "5890929"
    }
  ]
},{
  "accession": "GCA_025209925.1",
  "files": [
    {
      "filePath": "GCA_025209925.1/GCA_025209925.1_ASM2520992v1_genomic.fna",
      "fileType": "GENOMIC_NUCLEOTIDE_FASTA",
      "uncompressedLengthBytes": "5735006"
    }
  ]
},{
  "accession": "GCA_025210085.1",
  "files": [
    {
      "filePath": "GCA_025210085.1/GCA_025210085.1_ASM2521008v1_genomic.fna",
      "fileType": "GENOMIC_NUCLEOTIDE_FASTA",
      "uncompressedLengthBytes": "5920556"
    }
  ]
},{
  "accession": "GCA_025210135.1",
  "files": [
    {
      "filePath": "GCA_025210135.1/GCA_025210135.1_ASM2521013v1_genomic.fna",
      "fileType": "GENOMIC_NUCLEOTIDE_FASTA",
      "uncompressedLengthBytes": "5969563"
    }
  ]
},{
  "accession": "GCA_025380225.1",
  "files": [
    {
      "filePath": "GCA_025380225.1/GCA_025380225.1_ASM2538022v1_genomic.fna",
      "fileType": "GENOMIC_NUCLEOTIDE_FASTA",
      "uncompressedLengthBytes": "5703276"
    }
  ]
}]}
